name_vacancy,min_vacancy_compensation,max_vacancy_compensation,currency_vacancy_compensation,link_vacancy,vacancy_employer,vacancy_address
Data Scientist (команда Коммуникации),350000.0,,руб.,https://krasnoyarsk.hh.ru/vacancy/76096739?from=vacancy_search_list&query=Data+science,ООО HeadHunter::Analytics/Data Science,"Москва, Алексеевская"
Data scientist,200000.0,240000.0,руб.,https://krasnoyarsk.hh.ru/vacancy/74376536?from=vacancy_search_list&query=Data+science,Астор,Москва
Data science,180000.0,210000.0,руб.,https://krasnoyarsk.hh.ru/vacancy/75914060?from=vacancy_search_list&query=Data+science,7RedLines,Москва
"Аналитик корпоративных массивов данных (с навыками в Data Science, Machine Learning)",,,,https://krasnoyarsk.hh.ru/vacancy/76385297?from=vacancy_search_list&query=Data+science,ЭкспрессДеньги,"Москва, Выставочная и еще 2 "
"Bioinformatics Developer, New Zealand",5000.0,7500.0,USD,https://krasnoyarsk.hh.ru/vacancy/76866591?from=vacancy_search_list&query=Data+science,ГК ВИЗАВИ Консалт,Москва
Global Head of Data Science & Analytics,,550000.0,руб.,https://krasnoyarsk.hh.ru/vacancy/76765163?from=vacancy_search_list&query=Data+science,Dostavista.ru служба доставки,Москва
"Менеджер по обработке данных (SPSS, SAS, Python)",,,,https://krasnoyarsk.hh.ru/vacancy/76290598?from=vacancy_search_list&query=Data+science,ORO,Москва
"Data scientist, Цены и анализ конкурентов, Матчинг",,,,https://krasnoyarsk.hh.ru/vacancy/76845266?from=vacancy_search_list&query=Data+science,Ozon Информационные технологии,"Москва, Выставочная и еще 2 "
Data Scientist / специалист по работе с данными,,,,https://krasnoyarsk.hh.ru/vacancy/76764137?from=vacancy_search_list&query=Data+science,"билайн: ИТ, Data, Digital",Москва
Стажер Data Scientist,,,,https://krasnoyarsk.hh.ru/vacancy/76705049?from=vacancy_search_list&query=Data+science,Сбер для экспертов,Москва
Data scientist (math modeling),4000.0,10000.0,USD,https://krasnoyarsk.hh.ru/vacancy/76674451?from=vacancy_search_list&query=Data+science,ITSS,Москва
Data Scientist,,,,https://krasnoyarsk.hh.ru/vacancy/76809540?from=vacancy_search_list&query=Data+science,Reckitt,Москва
Data Scientist Middle/Senior,,,,https://krasnoyarsk.hh.ru/vacancy/75722197?from=vacancy_search_list&query=Data+science,Selecty,Москва
Associate Professor - Data Science&AI (eng),,,,https://krasnoyarsk.hh.ru/vacancy/73328853?from=vacancy_search_list&query=Data+science,Университет Иннополис,Москва
Assistant Professor - Data Science&AI (eng),,,,https://krasnoyarsk.hh.ru/vacancy/73328547?from=vacancy_search_list&query=Data+science,Университет Иннополис,Москва
Data Scientist / ML Инженер,,,,https://krasnoyarsk.hh.ru/vacancy/76827021?from=vacancy_search_list&query=Data+science,Stellar Labs,"Москва, Белорусская и еще 1 "
Биоинформатик,60000.0,150000.0,руб.,https://krasnoyarsk.hh.ru/vacancy/76037296?from=vacancy_search_list&query=Data+science,Генотек,Москва
Analyst/Data science,,,,https://krasnoyarsk.hh.ru/vacancy/76709116?from=vacancy_search_list&query=Data+science,AliExpress Россия,Москва
Data Analyst (СберБизнес),,,,https://krasnoyarsk.hh.ru/vacancy/76820052?from=vacancy_search_list&query=Data+science,Сбер для экспертов,Москва
Data scientist (RecSys),,,,https://krasnoyarsk.hh.ru/vacancy/75981474?from=vacancy_search_list&query=Data+science,"Компания «СПОРТМАСТЕР», Sportmaster Lab",Москва
Data scientist (remote),200000.0,300000.0,руб.,https://krasnoyarsk.hh.ru/vacancy/76417738?from=vacancy_search_list&query=Data+science,Поток.Диджитал,Москва
Senior Data Scientist,,,,https://krasnoyarsk.hh.ru/vacancy/76819740?from=vacancy_search_list&query=Data+science,"ЕвроХим, Минерально-Химическая Компания",Москва
Системный аналитик,150000.0,200000.0,руб.,https://krasnoyarsk.hh.ru/vacancy/75966304?from=vacancy_search_list&query=Data+science,Астор,Москва
Продуктовый аналитик в монетизацию Яндекс.Карт,,,,https://krasnoyarsk.hh.ru/vacancy/75695415?from=vacancy_search_list&query=Data+science,Яндекс,Москва
Senior Data Scientist,,,,https://krasnoyarsk.hh.ru/vacancy/75573623?from=vacancy_search_list&query=Data+science,the_covert,Москва
Менеджер по продажам образовательных программ международной школы Data Science и программирования,30000.0,100000.0,руб.,https://krasnoyarsk.hh.ru/vacancy/76241511?from=vacancy_search_list&query=Data+science,Mathshub,Москва
Digital Data Analyst,,,,https://krasnoyarsk.hh.ru/vacancy/75578672?from=vacancy_search_list&query=Data+science,HS Ad,Москва
Аналитик в команду продаж,,,,https://krasnoyarsk.hh.ru/vacancy/75630898?from=vacancy_search_list&query=Data+science,Яндекс,Москва
Data Scientist (Центр валидации моделей КИБ),,,,https://krasnoyarsk.hh.ru/vacancy/76654236?from=vacancy_search_list&query=Data+science,Сбер. Data Science,"Москва, Кутузовская и еще 1 "
Главный специалист (Машинное обучение и продвинутая аналитика),,,,https://krasnoyarsk.hh.ru/vacancy/73298719?from=vacancy_search_list&query=Data+science,АО Банк ДОМ.РФ,"Москва, Динамо и еще 1 "
Аналитик AdTech,,,,https://krasnoyarsk.hh.ru/vacancy/76736768?from=vacancy_search_list&query=Data+science,Hyper AdTech,Москва
Автор на курс по визуализации данных в Tableau/DataLens,,,,https://krasnoyarsk.hh.ru/vacancy/76753236?from=vacancy_search_list&query=Data+science,Яндекс Практикум,Москва
Исследователь/Research Scientist (Computer Science),,,,https://krasnoyarsk.hh.ru/vacancy/76662887?from=vacancy_search_list&query=Data+science,Криптонит,"Москва, Павелецкая и еще 1 "
TechLead Research Engineer (NLP/Speech),300000.0,400000.0,руб.,https://krasnoyarsk.hh.ru/vacancy/54372021?from=vacancy_search_list&query=Data+science,Контур,Москва
"Team lead, ML направление",,,,https://krasnoyarsk.hh.ru/vacancy/75778917?from=vacancy_search_list&query=Data+science,Эмбедика,Москва
Quantitative researcher,5000.0,7000.0,USD,https://krasnoyarsk.hh.ru/vacancy/76567518?from=vacancy_search_list&query=Data+science,"Агентство 21 век, КЦ",Москва
Product Analyst (Remote),2000.0,,USD,https://krasnoyarsk.hh.ru/vacancy/76821229?from=vacancy_search_list&query=Data+science,LATOKEN,Москва
Client Analyst,,,,https://krasnoyarsk.hh.ru/vacancy/76785474?from=vacancy_search_list&query=Data+science,Яндекс,Москва
Senior / Lead Data scientist,,,,https://krasnoyarsk.hh.ru/vacancy/76655978?from=vacancy_search_list&query=Data+science,ПартКом,Москва
Senior ML Engineer,,,,https://krasnoyarsk.hh.ru/vacancy/73984561?from=vacancy_search_list&query=Data+science,Домклик,Москва
Преподаватель “Программирование на Python”,,,,https://krasnoyarsk.hh.ru/vacancy/75827655?from=vacancy_search_list&query=Data+science,Mathshub,Москва
Python-разработчик в ML,,,,https://krasnoyarsk.hh.ru/vacancy/76717976?from=vacancy_search_list&query=Data+science,Нетология,Москва
Data Engineer в команду «Сеть Продаж»,,,,https://krasnoyarsk.hh.ru/vacancy/70417491?from=vacancy_search_list&query=Data+science,Сбер. Data Science,Москва
Senior/Middle Python разработчик,,,,https://krasnoyarsk.hh.ru/vacancy/74351176?from=vacancy_search_list&query=Data+science,"Лента, федеральная розничная сеть, IT ",Москва
Data Analyst,4000.0,,USD,https://krasnoyarsk.hh.ru/vacancy/76081597?from=vacancy_search_list&query=Data+science,JuneHomes,Москва
Data Engineer в МТС Маркетолог (Big Data),,,,https://krasnoyarsk.hh.ru/vacancy/76550394?from=vacancy_search_list&query=Data+science,"ПАО «МТС», IT","Москва, Технопарк"
Data Science Manager,,,,https://krasnoyarsk.hh.ru/vacancy/76077520?from=vacancy_search_list&query=Data+science,Норникель,Москва
Lead Data Scientist,,,,https://krasnoyarsk.hh.ru/vacancy/76403695?from=vacancy_search_list&query=Data+science,Сбер для экспертов,Москва
Владелец продукта (продукты Data Science),,,,https://krasnoyarsk.hh.ru/vacancy/76416469?from=vacancy_search_list&query=Data+science,Сибур,Москва
Data Insight Analytics Expert,,,,https://krasnoyarsk.hh.ru/vacancy/76376213?from=vacancy_search_list&query=Data+science,ООО Мултон Партнерс,Москва
Директор направления в Отдел скоринга,,,,https://krasnoyarsk.hh.ru/vacancy/75612539?from=vacancy_search_list&query=Data+science,Банк Открытие,Москва
Senior Data Scientist,,350000.0,руб.,https://krasnoyarsk.hh.ru/vacancy/73387970?from=vacancy_search_list&query=Data+science,Райффайзен Банк,"Москва, Технопарк"
Credit risk analyst,,,,https://krasnoyarsk.hh.ru/vacancy/75705029?from=vacancy_search_list&query=Data+science,Finstar Financial Group,Москва
Data Analyst,,,,https://krasnoyarsk.hh.ru/vacancy/76385534?from=vacancy_search_list&query=Data+science,Manpower,Москва
"Разработчик Go, Анализ текста (DS/NLP)",,,,https://krasnoyarsk.hh.ru/vacancy/75886390?from=vacancy_search_list&query=Data+science,WILDBERRIES,Москва
Data Scientist,,,,https://krasnoyarsk.hh.ru/vacancy/76047561?from=vacancy_search_list&query=Data+science,ЛАНИТ. Департамент корпоративных систем,"Москва, Алексеевская и еще 2 "
Senior Data Scientist в направление рекламной платформы RnD (Big Data),,,,https://krasnoyarsk.hh.ru/vacancy/74317205?from=vacancy_search_list&query=Data+science,"ПАО «МТС», IT","Москва, Технопарк"
BI Automatisation Manager,200000.0,300000.0,руб.,https://krasnoyarsk.hh.ru/vacancy/76615664?from=vacancy_search_list&query=Data+science,ООО Мунэксперт,"Москва, Улица 1905 года"
Team lead Data scientist,,,,https://krasnoyarsk.hh.ru/vacancy/73245446?from=vacancy_search_list&query=Data+science,"ПАО МегаФон, IT","Москва, Маяковская и еще 2 "
Data Scientist (Senior),,,,https://krasnoyarsk.hh.ru/vacancy/72821352?from=vacancy_search_list&query=Data+science,Газпромбанк,Москва
Антифрод аналитик (Риск-аналитик),,,,https://krasnoyarsk.hh.ru/vacancy/76387349?from=vacancy_search_list&query=Data+science,IDF Eurasia,Москва
Senior/Lead Data Engineer,,450000.0,руб.,https://krasnoyarsk.hh.ru/vacancy/76277631?from=vacancy_search_list&query=Data+science,Wanted,Москва
Data Engineer (команда ленты и рекомендаций),,,,https://krasnoyarsk.hh.ru/vacancy/76349576?from=vacancy_search_list&query=Data+science,"VK, ВКонтакте",Москва
"Data Scientist, Поиск и Каталог",,,,https://krasnoyarsk.hh.ru/vacancy/67411146?from=vacancy_search_list&query=Data+science,Ozon Информационные технологии,"Москва, Деловой центр и еще 2 "
Lead Data Scientist в ДРПА,,,,https://krasnoyarsk.hh.ru/vacancy/76010578?from=vacancy_search_list&query=Data+science,Сбер для экспертов,Москва
Data Analyst в Департамент маркетинга,,,,https://krasnoyarsk.hh.ru/vacancy/76026903?from=vacancy_search_list&query=Data+science,Сбер для экспертов,Москва
Data Аналитик,,,,https://krasnoyarsk.hh.ru/vacancy/75844000?from=vacancy_search_list&query=Data+science,Сбер. Data Science,Москва
Market Research Manager,,,,https://krasnoyarsk.hh.ru/vacancy/76522951?from=vacancy_search_list&query=Data+science,АстраЗенека,Москва
Руководитель дирекции клиентской аналитики и математического моделирования,,,,https://krasnoyarsk.hh.ru/vacancy/73901496?from=vacancy_search_list&query=Data+science,ПАО БАНК УРАЛСИБ,Москва
Senior Data Engineer/Data Engineer,,,,https://krasnoyarsk.hh.ru/vacancy/76094555?from=vacancy_search_list&query=Data+science,Криптонит,"Москва, Павелецкая и еще 1 "
Data scientist (Middle+\Senior),,,,https://krasnoyarsk.hh.ru/vacancy/75780642?from=vacancy_search_list&query=Data+science,"ПАО МегаФон, IT","Москва, Маяковская и еще 2 "
Chief Data Scientist / DS Team Lead,,,,https://krasnoyarsk.hh.ru/vacancy/75959822?from=vacancy_search_list&query=Data+science,Selecty,Москва
Data scientist (Гео и графы),,,,https://krasnoyarsk.hh.ru/vacancy/75909316?from=vacancy_search_list&query=Data+science,Сбер. Data Science,Москва
Data Engineering Team Lead,,,,https://krasnoyarsk.hh.ru/vacancy/76094897?from=vacancy_search_list&query=Data+science,Криптонит,"Москва, Павелецкая и еще 1 "
Data Scientist (Computer Vision),,,,https://krasnoyarsk.hh.ru/vacancy/73401856?from=vacancy_search_list&query=Data+science,red_mad_robot,Москва
Senior Data Scientist/Data Analyst,,,,https://krasnoyarsk.hh.ru/vacancy/75855923?from=vacancy_search_list&query=Data+science,Сбер. Data Science,Москва
Маркетинговый аналитик,,,,https://krasnoyarsk.hh.ru/vacancy/76236406?from=vacancy_search_list&query=Data+science,SkillFactory,Москва
Data scientist / Python программист по машинному обучению (senior/middle),,,,https://krasnoyarsk.hh.ru/vacancy/73692343?from=vacancy_search_list&query=Data+science,"ГРЧЦ, ФГУП","Москва, Павелецкая"
Аналитик Разработчик,,,,https://krasnoyarsk.hh.ru/vacancy/75997133?from=vacancy_search_list&query=Data+science,ЕВРАЗ. ИТ-специалисты,Москва
Data Engineer (Мy Tracker),,,,https://krasnoyarsk.hh.ru/vacancy/75987957?from=vacancy_search_list&query=Data+science,VK,Москва
ML инженер,,,,https://krasnoyarsk.hh.ru/vacancy/76668205?from=vacancy_search_list&query=Data+science,ООО JSA Group,Москва
Team Lead NLP Engineer,,,,https://krasnoyarsk.hh.ru/vacancy/76822349?from=vacancy_search_list&query=Data+science,Тинькофф,"Москва, Водный стадион"
Младший продюсер направления Аналитика,,,,https://krasnoyarsk.hh.ru/vacancy/76716093?from=vacancy_search_list&query=Data+science,Нетология,Москва
Руководитель практики по управлению данными,,,,https://krasnoyarsk.hh.ru/vacancy/72070910?from=vacancy_search_list&query=Data+science,Вкусно — и точка,"Москва, Добрынинская и еще 2 "
Продюсер образовательных курсов,80000.0,,руб.,https://krasnoyarsk.hh.ru/vacancy/75791659?from=vacancy_search_list&query=Data+science,ООО Отус,Москва
Middle+/Senior Python developer на продукт ONEtools (Big Data),,,,https://krasnoyarsk.hh.ru/vacancy/76649923?from=vacancy_search_list&query=Data+science,"ПАО «МТС», IT","Москва, Технопарк"
Программист Python (Middle+),,,,https://krasnoyarsk.hh.ru/vacancy/75983601?from=vacancy_search_list&query=Data+science,ООО Пиклема,"Москва, Каланчёвская и еще 2 "
Group Chief risk officer (Russia and CEE),,,,https://krasnoyarsk.hh.ru/vacancy/67265720?from=vacancy_search_list&query=Data+science,Мокка,Москва
NoCode разработчик,,,,https://krasnoyarsk.hh.ru/vacancy/76239096?from=vacancy_search_list&query=Data+science,SkillFactory,Москва
Системный/Бизнес Аналитик на проект BPM,250000.0,280000.0,руб.,https://krasnoyarsk.hh.ru/vacancy/76774639?from=vacancy_search_list&query=Data+science,ООО Датаномика,Москва
"Senior Consultant / Corporate Finance (Старший консультант, корпоративные финансы)",,,,https://krasnoyarsk.hh.ru/vacancy/75984153?from=vacancy_search_list&query=Data+science,ООО ОКС ЛАБС,Москва
Разработчик SQL/Data инженер,,,,https://krasnoyarsk.hh.ru/vacancy/73236467?from=vacancy_search_list&query=Data+science,"Ренессанс cтрахование, Группа",Москва
Разработчик в команду робототехники Маркета,,,,https://krasnoyarsk.hh.ru/vacancy/70366583?from=vacancy_search_list&query=Data+science,Яндекс,Москва
Tech Lead Machine Learning,,,,https://krasnoyarsk.hh.ru/vacancy/74418967?from=vacancy_search_list&query=Data+science,SUNLIGHT/САНЛАЙТ,"Москва, Мякинино и еще 3 "
Главный специалист анализа данных,,,,https://krasnoyarsk.hh.ru/vacancy/76008410?from=vacancy_search_list&query=Data+science,Банк СОЮЗ (АО),"Москва, Менделеевская и еще 1 "
Специалист по информационной безопасности на авторство курсов,,,,https://krasnoyarsk.hh.ru/vacancy/76502683?from=vacancy_search_list&query=Data+science,SkillFactory,Москва
Senior Data Scientist (удаленно),,,,https://krasnoyarsk.hh.ru/vacancy/71289566?from=vacancy_search_list&query=Data+science,ООО Вебинар Технологии,"Москва, ВДНХ"
Lead DevOps,,450000.0,руб.,https://krasnoyarsk.hh.ru/vacancy/76648796?from=vacancy_search_list&query=Data+science,Wanted,Москва
CI Engineer,5000.0,,USD,https://krasnoyarsk.hh.ru/vacancy/76770084?from=vacancy_search_list&query=Data+science,NetworkOptix,Москва
Software Sales Manager,,,,https://krasnoyarsk.hh.ru/vacancy/75977662?from=vacancy_search_list&query=Data+science,SWTecNN,Москва
Junior Data Engineer,,,,https://krasnoyarsk.hh.ru/vacancy/75751501?from=vacancy_search_list&query=Data+science,Сбер. Data Science,Москва
Senior Data Scientist,,,,https://krasnoyarsk.hh.ru/vacancy/76610825?from=vacancy_search_list&query=Data+science,Сбер. Data Science,Москва
Data Analyst,,,,https://krasnoyarsk.hh.ru/vacancy/74046414?from=vacancy_search_list&query=Data+science,Сбер. Data Science,"Москва, Кутузовская и еще 1 "
Product manager,,,,https://krasnoyarsk.hh.ru/vacancy/76857498?from=vacancy_search_list&query=Data+science,IDF Eurasia,Москва
Team Lead Java (to Yerevan),,,,https://krasnoyarsk.hh.ru/vacancy/76596618?from=vacancy_search_list&query=Data+science,BostonGene Technologies,Москва
Архитектор данных,,,,https://krasnoyarsk.hh.ru/vacancy/76694424?from=vacancy_search_list&query=Data+science,ООО АЛРОСА Информационные технологии,"Москва, Новокузнецкая и еще 2 "
Data Scientist (Центр валидации моделей сервисных блоков и экосистемы),,,,https://krasnoyarsk.hh.ru/vacancy/76729518?from=vacancy_search_list&query=Data+science,Сбер. Data Science,"Москва, Кутузовская и еще 1 "
DevRel / Tech PR специалист,,,,https://krasnoyarsk.hh.ru/vacancy/76451067?from=vacancy_search_list&query=Data+science,Сбер для экспертов,Москва
LX-дизайнер/старший методист (направление Аналитика),,,,https://krasnoyarsk.hh.ru/vacancy/76450566?from=vacancy_search_list&query=Data+science,SkillFactory,Москва
Head of Development,,,,https://krasnoyarsk.hh.ru/vacancy/76730549?from=vacancy_search_list&query=Data+science,ООО Звук,"Москва, Кутузовская и еще 3 "
Senior Go Developer,,,,https://krasnoyarsk.hh.ru/vacancy/76294333?from=vacancy_search_list&query=Data+science,the_covert,Москва
Data Analyst в блок Управление Благосостоянием,,,,https://krasnoyarsk.hh.ru/vacancy/76830337?from=vacancy_search_list&query=Data+science,Сбер. Data Science,Москва
Аналитик моделей рисков,,,,https://krasnoyarsk.hh.ru/vacancy/76662515?from=vacancy_search_list&query=Data+science,Тинькофф,"Москва, Водный стадион"
Консультант отдела координации работ по мобилизации доходов Аналитического управления,,,,https://krasnoyarsk.hh.ru/vacancy/54154243?from=vacancy_search_list&query=Data+science,Федеральная налоговая служба (ФНС России),"Москва, Кузнецкий мост и еще 1 "
DevOps инженер,,,,https://krasnoyarsk.hh.ru/vacancy/75996614?from=vacancy_search_list&query=Data+science,ООО Пиклема,"Москва, Каланчёвская и еще 2 "
Head of Personalization,,,,https://krasnoyarsk.hh.ru/vacancy/76491507?from=vacancy_search_list&query=Data+science,ООО Звук,"Москва, Кутузовская и еще 3 "
Руководитель группы визуализации данных,,,,https://krasnoyarsk.hh.ru/vacancy/75963939?from=vacancy_search_list&query=Data+science,Делимобиль,"Москва, Преображенская площадь и еще 1 "
Руководитель направления CRM,,,,https://krasnoyarsk.hh.ru/vacancy/76006598?from=vacancy_search_list&query=Data+science,Газпромбанк Мобайл (ООО НМК),Москва
Product Manager (Монетизация),,,,https://krasnoyarsk.hh.ru/vacancy/74074509?from=vacancy_search_list&query=Data+science,Нетология,Москва
Lead/Senior Data scientist,,,,https://krasnoyarsk.hh.ru/vacancy/76587872?from=vacancy_search_list&query=Data+science,Ингосстрах,"Москва, Белорусская"
Senior System Analyst (blockchain),150000.0,250000.0,руб.,https://krasnoyarsk.hh.ru/vacancy/76414970?from=vacancy_search_list&query=Data+science,the_covert,Москва
ML-инженер (middle),,,,https://krasnoyarsk.hh.ru/vacancy/75717365?from=vacancy_search_list&query=Data+science,Циан,"Москва, Преображенская площадь"
Аналитик рисков,,,,https://krasnoyarsk.hh.ru/vacancy/74104925?from=vacancy_search_list&query=Data+science,IDF Eurasia,Москва
Системный аналитик (разработка АБС для Филиала в Индии),,,,https://krasnoyarsk.hh.ru/vacancy/66541673?from=vacancy_search_list&query=Data+science,Сбер для экспертов,"Москва, Кутузовская и еще 1 "
Back-end Developer (Python/Golang),140000.0,200000.0,руб.,https://krasnoyarsk.hh.ru/vacancy/76078011?from=vacancy_search_list&query=Data+science,Brands Go Digital,Москва
Business Analyst (to Cyprus / Serbia),,,,https://krasnoyarsk.hh.ru/vacancy/76504015?from=vacancy_search_list&query=Data+science,ООО Перфект Арт,Москва
IT Лидер кластера (HR платформа),,,,https://krasnoyarsk.hh.ru/vacancy/76340010?from=vacancy_search_list&query=Data+science,Сбер. IT,Москва
Разработчик отчётности (Oracle APEX/SQL),,,,https://krasnoyarsk.hh.ru/vacancy/76164417?from=vacancy_search_list&query=Data+science,ООО РСХБ-Интех,"Москва, Теплый Стан"
Lead QA/SDET (python),,,,https://krasnoyarsk.hh.ru/vacancy/75949453?from=vacancy_search_list&query=Data+science,the_covert,Москва
Senior Java Backend,,450000.0,руб.,https://krasnoyarsk.hh.ru/vacancy/75665318?from=vacancy_search_list&query=Data+science,ООО ЕСН,Москва
Middle Linux System Administrator (релокация),,2000.0,USD,https://krasnoyarsk.hh.ru/vacancy/76155624?from=vacancy_search_list&query=Data+science,the_covert,Москва
Директор по разработке моделей,,,,https://krasnoyarsk.hh.ru/vacancy/68840451?from=vacancy_search_list&query=Data+science,Газпромбанк,Москва
Head of Data Analytics (Game),,,,https://krasnoyarsk.hh.ru/vacancy/73758017?from=vacancy_search_list&query=Data+science,Playrix,Москва
MLOps engineer,,,,https://krasnoyarsk.hh.ru/vacancy/75999703?from=vacancy_search_list&query=Data+science,ООО Страховая компания «Сбербанк страхование»,Москва
Data Engineer,,,,https://krasnoyarsk.hh.ru/vacancy/76108784?from=vacancy_search_list&query=Data+science,АО ДОМ.РФ,Москва
Senior Data Analyst,,,,https://krasnoyarsk.hh.ru/vacancy/70417720?from=vacancy_search_list&query=Data+science,Сбер. Data Science,Москва
Руководитель по работе с большими данными,,,,https://krasnoyarsk.hh.ru/vacancy/69546990?from=vacancy_search_list&query=Data+science,АШАН Ритейл Россия,Москва
ML инженер / MLOps,,,,https://krasnoyarsk.hh.ru/vacancy/76446705?from=vacancy_search_list&query=Data+science,Сбер. Data Science,Москва
Senior Data Engineer,,,,https://krasnoyarsk.hh.ru/vacancy/75752791?from=vacancy_search_list&query=Data+science,Аквелон,Москва
Senior system analyst (Brokerage),250000.0,400000.0,руб.,https://krasnoyarsk.hh.ru/vacancy/76145317?from=vacancy_search_list&query=Data+science,Сбер. Agile,Москва
Аналитик-разработчик SQL,,,,https://krasnoyarsk.hh.ru/vacancy/75986098?from=vacancy_search_list&query=Data+science,IDF Eurasia,Москва
Senior system analyst,200000.0,,руб.,https://krasnoyarsk.hh.ru/vacancy/76006895?from=vacancy_search_list&query=Data+science,ООО ДелоТех,Москва
Руководитель практики по управлению данными,,,,https://krasnoyarsk.hh.ru/vacancy/75966854?from=vacancy_search_list&query=Data+science,Selecty,Москва
Medical Scientific Liaison Immuno,,,,https://krasnoyarsk.hh.ru/vacancy/76003834?from=vacancy_search_list&query=Data+science,Новартис Фарма,"Москва, Сокол"
Data scientist (Управление рисками корпоративных клиентов),,,,https://krasnoyarsk.hh.ru/vacancy/76328543?from=vacancy_search_list&query=Data+science,Сбер. Data Science,"Москва, Кутузовская и еще 1 "
Software Developer,3000.0,4000.0,EUR,https://krasnoyarsk.hh.ru/vacancy/76163818?from=vacancy_search_list&query=Data+science,Natera,Москва
"Администратор Linux (Hadoop ops), Платформа, Хранение и обработка данных",,,,https://krasnoyarsk.hh.ru/vacancy/75887780?from=vacancy_search_list&query=Data+science,Ozon Информационные технологии,Москва
Инженер интеллектуального анализа событий,,,,https://krasnoyarsk.hh.ru/vacancy/76098133?from=vacancy_search_list&query=Data+science,"ПАО ВТБ, Технологический блок","Москва, Выставочная и еще 2 "
Product Manager,,,,https://krasnoyarsk.hh.ru/vacancy/76048324?from=vacancy_search_list&query=Data+science,SkillFactory,Москва
DevOps engineer (to Serbia / Cyprus),,,,https://krasnoyarsk.hh.ru/vacancy/72786137?from=vacancy_search_list&query=Data+science,ООО Перфект Арт,Москва
Системный аналитик,,,,https://krasnoyarsk.hh.ru/vacancy/73084352?from=vacancy_search_list&query=Data+science,Сбер. IT,Москва
"Senior / Middle ML Developer (Voice, ASR, STT/TTS)",,,,https://krasnoyarsk.hh.ru/vacancy/75762922?from=vacancy_search_list&query=Data+science,Sifox,Москва
Product Manager проекта «ИСКРА»,,,,https://krasnoyarsk.hh.ru/vacancy/76244385?from=vacancy_search_list&query=Data+science,SkillFactory,Москва
Разработчик Python,,,,https://krasnoyarsk.hh.ru/vacancy/75944292?from=vacancy_search_list&query=Data+science,ПАО Ростелеком,Москва
Senior Data scientist (Управление рисками корпоративных клиентов),,,,https://krasnoyarsk.hh.ru/vacancy/72421275?from=vacancy_search_list&query=Data+science,Сбер. Data Science,"Москва, Кутузовская и еще 1 "
Системный аналитик (Цифровые платформы образования),,,,https://krasnoyarsk.hh.ru/vacancy/76232229?from=vacancy_search_list&query=Data+science,SberTech,"Москва, Тульская"
Главный специалист отдела анализа качества данных / Data steward,,,,https://krasnoyarsk.hh.ru/vacancy/76270153?from=vacancy_search_list&query=Data+science,Российская академия народного хозяйства и государственной службы при Президенте Российской Федерации,Москва
Requirements and Specification Engineer (RSE),,,,https://krasnoyarsk.hh.ru/vacancy/72822748?from=vacancy_search_list&query=Data+science,YADRO,"Москва, Краснопресненская и еще 1 "
Старший аналитик (DS HR-модели),,,,https://krasnoyarsk.hh.ru/vacancy/75636463?from=vacancy_search_list&query=Data+science, Альфа-Банк,"Москва, Технопарк"
R&D Team Lead,,,,https://krasnoyarsk.hh.ru/vacancy/72410609?from=vacancy_search_list&query=Data+science,Flocktory,Москва
UA Lead (GameDev),,,,https://krasnoyarsk.hh.ru/vacancy/76042032?from=vacancy_search_list&query=Data+science,CM Games,Москва
Координатор проектов,,,,https://krasnoyarsk.hh.ru/vacancy/76860598?from=vacancy_search_list&query=Data+science,SkillFactory,Москва
PR-менеджер,,,,https://krasnoyarsk.hh.ru/vacancy/76519002?from=vacancy_search_list&query=Data+science,SkillFactory,Москва
Директор направления продуктов для среднего бизнеса (Банк),,,,https://krasnoyarsk.hh.ru/vacancy/76010254?from=vacancy_search_list&query=Data+science,IDF Eurasia,Москва
"Front End Developer, to Armenia",,,,https://krasnoyarsk.hh.ru/vacancy/76377453?from=vacancy_search_list&query=Data+science,SCHNEIDER GROUP,Москва
Linux system administrator,,,,https://krasnoyarsk.hh.ru/vacancy/76300513?from=vacancy_search_list&query=Data+science,the_covert,Москва
Ведущий инженер-конструктор в команду робототехники Маркета,,,,https://krasnoyarsk.hh.ru/vacancy/76445720?from=vacancy_search_list&query=Data+science,Яндекс,Москва
Руководитель Службы внутреннего аудита (СВА),,,,https://krasnoyarsk.hh.ru/vacancy/75986075?from=vacancy_search_list&query=Data+science,IDF Eurasia,Москва
Младший специалист по документообороту,17000.0,,руб.,https://krasnoyarsk.hh.ru/vacancy/76006127?from=vacancy_search_list&query=Data+science,ООО Отус,Москва
Специалист по кадровому администрированию,85000.0,,руб.,https://krasnoyarsk.hh.ru/vacancy/75605151?from=vacancy_search_list&query=Data+science,IDF Eurasia,Москва
Специалист первой линии поддержки,40000.0,46700.0,руб.,https://krasnoyarsk.hh.ru/vacancy/76783468?from=vacancy_search_list&query=Data+science,SkillFactory,Москва
Бизнес Ассистент / Операционный менеджер,,,,https://krasnoyarsk.hh.ru/vacancy/76772255?from=vacancy_search_list&query=Data+science,SkillFactory,Москва
Руководитель направления отчетности,,,,https://krasnoyarsk.hh.ru/vacancy/75943817?from=vacancy_search_list&query=Data+science,"Компания «СПОРТМАСТЕР», Офис","Москва, Аэропорт"
Руководитель проекта (отчетность),,,,https://krasnoyarsk.hh.ru/vacancy/73253303?from=vacancy_search_list&query=Data+science,"Компания «СПОРТМАСТЕР», Офис","Москва, Аэропорт"
Директор по рискам,,,,https://krasnoyarsk.hh.ru/vacancy/76727485?from=vacancy_search_list&query=Data+science,IDF Eurasia,Москва
Ассистент отдела продаж,30000.0,50000.0,руб.,https://krasnoyarsk.hh.ru/vacancy/76287337?from=vacancy_search_list&query=Data+science,SkillFactory,Москва
Системный архитектор,,,,https://krasnoyarsk.hh.ru/vacancy/74135634?from=vacancy_search_list&query=Data+science,Синимекс,"Москва, Новокузнецкая и еще 2 "
Владелец продукта (технологии управления ассортиментом),,,,https://krasnoyarsk.hh.ru/vacancy/75523095?from=vacancy_search_list&query=Data+science,"МАГНИТ, Розничная сеть",Москва
New business manager/ Менеджер по развитию нового бизнеса (digital- реклама),,,,https://krasnoyarsk.hh.ru/vacancy/76650923?from=vacancy_search_list&query=Data+science,ПАО «МТС» ,"Москва, Технопарк"
Project manager (производство курсов),,,,https://krasnoyarsk.hh.ru/vacancy/76613003?from=vacancy_search_list&query=Data+science,SkillFactory,Москва
Middle Java разработчик (Платформа принятия решений),,,,https://krasnoyarsk.hh.ru/vacancy/72652889?from=vacancy_search_list&query=Data+science,"ОТП Банк, АО (OTP bank)","Москва, Войковская"
Главный юрисконсульт,,,,https://krasnoyarsk.hh.ru/vacancy/76232806?from=vacancy_search_list&query=Data+science,IDF Eurasia,Москва
Графический дизайнер в цифровой продукт,,,,https://krasnoyarsk.hh.ru/vacancy/76163872?from=vacancy_search_list&query=Data+science,Сбер. Data Science,Москва
Контент- менеджер в группу по работе с внутренними ИТ-сообществами,,,,https://krasnoyarsk.hh.ru/vacancy/76105066?from=vacancy_search_list&query=Data+science,Райффайзен Банк,Москва
Java developer,,,,https://krasnoyarsk.hh.ru/vacancy/76111920?from=vacancy_search_list&query=Data+science, Альфа-Банк,Москва
Senior Backend Developer,,,,https://krasnoyarsk.hh.ru/vacancy/76108199?from=vacancy_search_list&query=Data+science,ООО JSA Group,Москва
Java developer,,,,https://krasnoyarsk.hh.ru/vacancy/76086296?from=vacancy_search_list&query=Data+science, Альфа-Банк,Москва
Руководитель клиентского сервиса (Hybe.io),,,,https://krasnoyarsk.hh.ru/vacancy/76023617?from=vacancy_search_list&query=Data+science,ООО Гибрид,Москва
Руководитель направления директ-маркетинга,,,,https://krasnoyarsk.hh.ru/vacancy/75989258?from=vacancy_search_list&query=Data+science,IDF Eurasia,Москва
Начальник отдела экспортной аналитики,,,,https://krasnoyarsk.hh.ru/vacancy/75955245?from=vacancy_search_list&query=Data+science,Правительство Москвы,"Москва, Китай-город"
"Заведующий кафедрой ""Системное программирование""",,,,https://krasnoyarsk.hh.ru/vacancy/53918926?from=vacancy_search_list&query=Data+science,МТУСИ,Москва
Руководитель отдела аккаунтинга,,,,https://krasnoyarsk.hh.ru/vacancy/75920822?from=vacancy_search_list&query=Data+science,SkillFactory,Москва
"Разработчик C#, Поиск",,,,https://krasnoyarsk.hh.ru/vacancy/72111302?from=vacancy_search_list&query=Data+science,Ozon Информационные технологии,Москва
Администратор LMS,,,,https://krasnoyarsk.hh.ru/vacancy/75904734?from=vacancy_search_list&query=Data+science,SkillFactory,Москва
Руководитель отдела продаж (B2C),,,,https://krasnoyarsk.hh.ru/vacancy/75858769?from=vacancy_search_list&query=Data+science,SkillFactory,Москва
"Доцент кафедры ""Интеллектуальные системы в управлении и автоматизации""",70000.0,,руб.,https://krasnoyarsk.hh.ru/vacancy/72008062?from=vacancy_search_list&query=Data+science,МТУСИ,"Москва, Авиамоторная"
PHP-разработчик (myTracker),,,,https://krasnoyarsk.hh.ru/vacancy/75781124?from=vacancy_search_list&query=Data+science,"VK, ВКонтакте",Москва
Лид редакторов,,,,https://krasnoyarsk.hh.ru/vacancy/75786699?from=vacancy_search_list&query=Data+science,SkillFactory,Москва
Методический редактор,,,,https://krasnoyarsk.hh.ru/vacancy/75789661?from=vacancy_search_list&query=Data+science,SkillFactory,Москва
SMM-менеджер,,,,https://krasnoyarsk.hh.ru/vacancy/76085457?from=vacancy_search_list&query=Data+science,IDF Eurasia,Москва
